testCrossvalidationWed Apr 28 00:40:36 CEST 2010;Sel 200x400;[CAREX2,4];50;200;5;3;Fit ACC;0,01;SM;0,0;SCX;2;;200;0,9713805;0,98;0,90549165;0,94000006;3,09
testCrossvalidationWed Apr 28 00:40:36 CEST 2010;Sel 200x400;[CAREX2,4];50;200;5;3;Fit ACC;0,01;SM;0,0;SCX;2;;200;0,9707288;0,98;0,8923521;0,93333334;1,195
testCrossvalidationWed Apr 28 00:40:36 CEST 2010;Sel 200x400;[CAREX2,4];50;200;5;3;Fit ACC;0,01;SM;0,0;SCX;2;;200;0,9853328;0,99;0,93273276;0,9533333;1,221
testCrossvalidationWed Apr 28 00:40:36 CEST 2010;Sel 200x400;[CAREX2,4];50;200;5;3;Fit ACC;0,01;SM;0,0;SCX;2;;200;0,98520416;0,99;0,91288567;0,94;1,435
testCrossvalidationWed Apr 28 00:40:36 CEST 2010;simpleEA 100x400;[CAREX2,4];50;400;6;2;Fit ACC;0,01;SM;0,01;SCX;2;;400;0,9511442;0,97003746;0,8066735;0,8913858;6,971
testCrossvalidationWed Apr 28 00:40:36 CEST 2010;Sel 200x400;[CAREX2,4];50;200;5;3;Fit ACC;0,01;SM;0,0;SCX;2;;200;0,9704283;0,98;0,9212963;0,9466667;1,325
testCrossvalidationWed Apr 28 00:40:36 CEST 2010;Sel 200x400;[CAREX2,4];50;200;5;3;Fit ACC;0,01;SM;0,0;SCX;2;;200;0,9754963;0,98333335;0,90582013;0,94000006;1,206
testCrossvalidationWed Apr 28 00:40:36 CEST 2010;simpleEA 100x400;[CAREX2,4];50;400;6;2;Fit ACC;0,01;SM;0,01;SCX;2;;400;0,8766234;0,92134833;0,8053457;0,8876405;3,343
testCrossvalidationWed Apr 28 00:40:36 CEST 2010;Sel 200x400;[CAREX2,4];50;200;5;3;Fit ACC;0,01;SM;0,0;SCX;2;;200;0,985348;0,99;0,90733594;0,94;1,217
testCrossvalidationWed Apr 28 00:40:36 CEST 2010;Sel 200x400;[CAREX2,4];50;200;5;3;Fit ACC;0,01;SM;0,0;SCX;2;;200;0,98037523;0,9866667;0,88014156;0,92;1,141
testCrossvalidationWed Apr 28 00:40:36 CEST 2010;Sel 200x400;[CAREX2,4];50;200;5;3;Fit ACC;0,01;SM;0,0;SCX;2;;200;0,9810104;0,9866667;0,9229209;0,9533334;1,211
testCrossvalidationWed Apr 28 00:40:36 CEST 2010;Sel 200x400;[CAREX2,4];50;200;5;3;Fit ACC;0,01;SM;0,0;SCX;2;;200;0,9704283;0,98;0,90086204;0,94000006;1,1
testCrossvalidationWed Apr 28 00:40:36 CEST 2010;simpleEA 100x400;[CAREX2,4];50;400;6;2;Fit ACC;0,01;SM;0,01;SCX;2;;400;0,8832906;0,92509365;0,8405022;0,90262175;3,788
testCrossvalidationWed Apr 28 00:40:36 CEST 2010;Sel 200x400;[CAREX2,4];50;200;5;3;Fit ACC;0,01;SM;0,0;SCX;2;;200;0,96190476;0,97333336;0,94942284;0,9666667;1,552
testCrossvalidationWed Apr 28 00:40:36 CEST 2010;Sel 200x400;[CAREX2,4];50;200;5;3;Fit ACC;0,01;SM;0,0;SCX;2;;200;0,9570616;0,97333336;0,9799588;0,9866667;1,333
testCrossvalidationWed Apr 28 00:40:36 CEST 2010;simpleEA 100x400;[CAREX2,4];50;400;6;2;Fit ACC;0,01;SM;0,01;SCX;2;;400;0,9029827;0,9400749;0,8952381;0,92883897;3,794
testCrossvalidationWed Apr 28 00:40:36 CEST 2010;Sel 200x400;[CAREX2,4];50;200;5;3;Fit ACC;0,01;SM;0,0;SCX;2;;200;0,9539371;0,97;0,9462963;0,9666667;1,222
testCrossvalidationWed Apr 28 00:40:36 CEST 2010;Sel 200x400;[CAREX2,4];50;200;5;3;Fit ACC;0,01;SM;0,0;SCX;2;;200;0,94414014;0,96333337;0,96920604;0,98;1,039
testCrossvalidationWed Apr 28 00:40:36 CEST 2010;Sel 200x400;[CAREX2,4];50;200;5;3;Fit ACC;0,01;SM;0,0;SCX;2;;200;0,95667577;0,97333336;0,96411556;0,97333336;1,212
testCrossvalidationWed Apr 28 00:40:36 CEST 2010;Sel 200x400;[CAREX2,4];50;200;5;3;Fit ACC;0,01;SM;0,0;SCX;2;;200;0,95897895;0,97333336;0,97183913;0,98;1,059
testCrossvalidationWed Apr 28 00:40:36 CEST 2010;simpleEA 100x400;[CAREX2,4];50;400;6;2;Fit ACC;0,01;SM;0,01;SCX;2;;400;0,9082764;0,9400749;0,8377289;0,90262175;3,826
testCrossvalidationWed Apr 28 00:40:36 CEST 2010;Sel 200x400;[CAREX2,4];50;200;5;3;Fit ACC;0,01;SM;0,0;SCX;2;;200;0,9500708;0,9666667;0,95952386;0,97333336;1,211
testCrossvalidationWed Apr 28 00:40:36 CEST 2010;Sel 200x400;[CAREX2,4];50;200;5;3;Fit ACC;0,01;SM;0,0;SCX;2;;200;0,95626754;0,97333336;0,9799588;0,9866667;1,103
testCrossvalidationWed Apr 28 00:40:36 CEST 2010;Sel 200x400;[CAREX2,4];50;200;5;3;Fit ACC;0,01;SM;0,0;SCX;2;;200;0,94482136;0,9666667;0,954416;0,97333336;1,128
testCrossvalidationWed Apr 28 00:40:36 CEST 2010;simpleEA 100x400;[CAREX2,4];50;400;6;2;Fit ACC;0,01;SM;0,01;SCX;2;;400;0,9142795;0,94756556;0,8504526;0,90262175;4,028
testCrossvalidationWed Apr 28 00:40:36 CEST 2010;Sel 200x400;[CAREX2,4];50;200;5;3;Fit ACC;0,01;SM;0,0;SCX;2;;200;0,94482136;0,9666667;0,9676435;0,98;1,246
testCrossvalidationWed Apr 28 00:40:36 CEST 2010;Sel 200x400;[CAREX2,4];50;200;5;3;Fit ACC;0,01;SM;0,0;SCX;2;;200;0,9643707;0,9766667;0,9565082;0,97333336;1,072
testCrossvalidationWed Apr 28 00:40:36 CEST 2010;Sel 200x400;[CAREX2,4];50;200;5;3;Fit ACC;0,01;SM;0,0;SCX;2;;200;0,96019906;0,97333336;0,92848015;0,9533334;0,894
testCrossvalidationWed Apr 28 00:40:36 CEST 2010;Sel 200x400;[CAREX2,4];50;200;5;3;Fit ACC;0,01;SM;0,0;SCX;2;;200;0,9641387;0,9766667;0,95894426;0,97333336;1,04
testCrossvalidationWed Apr 28 00:40:36 CEST 2010;simpleEA 100x400;[CAREX2,4];50;400;6;2;Fit ACC;0,01;SM;0,01;SCX;2;;400;0,9246653;0,9513109;0,9362529;0,9550562;4,341
testCrossvalidationWed Apr 28 00:40:36 CEST 2010;Sel 200x400;[CAREX2,4];50;200;5;3;Fit ACC;0,01;SM;0,0;SCX;2;;200;0,9692307;0,98;0,9285285;0,9533334;1,137
testCrossvalidationWed Apr 28 00:40:36 CEST 2010;Sel 200x400;[CAREX2,4];50;200;5;3;Fit ACC;0,01;SM;0,0;SCX;2;;200;0,96999407;0,98;0,9616228;0,97333336;1,219
testCrossvalidationWed Apr 28 00:40:36 CEST 2010;Sel 200x400;[CAREX2,4];50;200;5;3;Fit ACC;0,01;SM;0,0;SCX;2;;200;0,93484634;0,9533334;0,8900585;0,92;1,182
testCrossvalidationWed Apr 28 00:40:36 CEST 2010;Sel 200x400;[CAREX2,4];50;200;5;3;Fit ACC;0,01;SM;0,0;SCX;2;;200;0,96078426;0,97333336;0,9444444;0,96000004;1,232
testCrossvalidationWed Apr 28 00:40:36 CEST 2010;simpleEA 100x400;[CAREX2,4];50;400;6;2;Fit ACC;0,01;SM;0,01;SCX;2;;400;0,9031932;0,94382024;0,8716733;0,917603;4,429
testCrossvalidationWed Apr 28 00:40:36 CEST 2010;Sel 200x400;[CAREX2,4];50;200;5;3;Fit ACC;0,01;SM;0,0;SCX;2;;200;0,9687424;0,98;0,92630154;0,9533334;1,26
testCrossvalidationWed Apr 28 00:40:36 CEST 2010;Sel 200x400;[CAREX2,4];50;200;5;3;Fit ACC;0,01;SM;0,0;SCX;2;;200;0,96904534;0,98;0,9480689;0,9666667;1,221
testCrossvalidationWed Apr 28 00:40:36 CEST 2010;Sel 200x400;[CAREX2,4];50;200;5;3;Fit ACC;0,01;SM;0,0;SCX;2;;200;0,964406;0,9766667;0,9469988;0,9666667;1,07
testCrossvalidationWed Apr 28 00:40:36 CEST 2010;simpleEA 100x400;[CAREX2,4];50;400;6;2;Fit ACC;0,01;SM;0,01;SCX;2;;400;0,90903664;0,94382024;0,75856;0,8539326;3,715
testCrossvalidationWed Apr 28 00:40:36 CEST 2010;simpleEA 100x400;[CAREX2,4];50;400;6;2;Fit ACC;0,01;SM;0,01;SCX;2;;400;0,9447586;0,9625468;0,80277735;0,88389516;4,029
testCrossvalidationWed Apr 28 00:40:36 CEST 2010;simpleEA 100x400;[CAREX2,4];50;400;6;10;Fit ACC;0,01;SM;0,01;SCX;2;;400;0,9107935;0,9395833;0,8333333;0,90740746;5,434
testCrossvalidationWed Apr 28 00:40:36 CEST 2010;simpleEA 100x400;[CAREX2,4];50;400;6;2;Fit ACC;0,01;SM;0,01;SCX;2;;400;0,91978925;0,94756556;0,846906;0,90262175;3,878
testCrossvalidationWed Apr 28 00:40:36 CEST 2010;simpleEA 100x400;[CAREX2,4];50;400;6;10;Fit ACC;0,01;SM;0,01;SCX;2;;400;0,92004746;0,93333334;0,90303034;0,9259259;5,245
testCrossvalidationWed Apr 28 00:40:36 CEST 2010;simpleEA 100x400;[CAREX2,4];50;400;6;2;Fit ACC;0,01;SM;0,01;SCX;2;;400;0,92722017;0,9513109;0,8518068;0,90636706;4,128
testCrossvalidationWed Apr 28 00:40:36 CEST 2010;simpleEA 100x400;[CAREX2,4];50;400;6;10;Fit ACC;0,01;SM;0,01;SCX;2;;400;0,9053369;0,9395833;0,87738925;0,9259259;4,574
testCrossvalidationWed Apr 28 00:40:36 CEST 2010;simpleEA 100x400;[CAREX2,4];50;400;6;2;Fit ACC;0,01;SM;0,01;SCX;2;;400;0,9073696;0,9363296;0,8335201;0,8951311;4,443
testCrossvalidationWed Apr 28 00:40:36 CEST 2010;simpleEA 100x400;[CAREX2,4];50;400;6;10;Fit ACC;0,01;SM;0,01;SCX;2;;400;0,8932689;0,93125004;0,85541123;0,90740734;4,876
testCrossvalidationWed Apr 28 00:40:36 CEST 2010;simpleEA 100x400;[CAREX2,4];50;400;6;2;Fit ACC;0,01;SM;0,01;SCX;2;;400;0,9208579;0,94382024;0,864723;0,9138577;4,115
testCrossvalidationWed Apr 28 00:40:36 CEST 2010;simpleEA 100x400;[CAREX2,4];50;400;6;2;Fit ACC;0,01;SM;0,01;SCX;2;;400;0,82953763;0,90636706;0,7322113;0,8501873;3,576
testCrossvalidationWed Apr 28 00:40:36 CEST 2010;simpleEA 100x400;[CAREX2,4];50;400;6;10;Fit ACC;0,01;SM;0,01;SCX;2;;400;0,902065;0,9270833;0,8441558;0,88888884;5,208
testCrossvalidationWed Apr 28 00:40:36 CEST 2010;simpleEA 100x400;[CAREX2,4];50;400;6;2;Fit ACC;0,01;SM;0,01;SCX;2;;400;0,9389059;0,9588015;0,79170203;0,88389516;3,896
testCrossvalidationWed Apr 28 00:40:36 CEST 2010;simpleEA 100x400;[CAREX2,4];50;400;6;10;Fit ACC;0,01;SM;0,01;SCX;2;;400;0,90443784;0,9395833;0,84747475;0,90740734;4,975
testCrossvalidationWed Apr 28 00:40:36 CEST 2010;simpleEA 100x400;[CAREX2,4];50;400;6;2;Fit ACC;0,01;SM;0,01;SCX;2;;400;0,9211781;0,94756556;0,8787923;0,92134833;3,947
testCrossvalidationWed Apr 28 00:40:36 CEST 2010;simpleEA 100x400;[CAREX2,4];50;400;6;10;Fit ACC;0,01;SM;0,01;SCX;2;;400;0,89092064;0,9333334;0,8727272;0,9259259;4,999
testCrossvalidationWed Apr 28 00:40:36 CEST 2010;simpleEA 100x400;[CAREX2,4];50;400;6;2;Fit ACC;0,01;SM;0,01;SCX;2;;400;0,9402984;0,9588015;0,8890538;0,92883897;3,876
testCrossvalidationWed Apr 28 00:40:36 CEST 2010;simpleEA 100x400;[CAREX2,4];50;400;6;2;Fit ACC;0,01;SM;0,01;SCX;2;;400;0,8913274;0,92509365;0,8329881;0,90262175;3,997
testCrossvalidationWed Apr 28 00:40:36 CEST 2010;simpleEA 100x400;[CAREX2,4];50;400;6;10;Fit ACC;0,01;SM;0,01;SCX;2;;400;0,8811247;0,925;0,83809525;0,8888889;5,569
testCrossvalidationWed Apr 28 00:40:36 CEST 2010;simpleEA 100x400;[CAREX2,4];50;400;6;2;Fit ACC;0,01;SM;0,01;SCX;2;;400;0,9490843;0,9625468;0,82243484;0,8951311;3,804
testCrossvalidationWed Apr 28 00:40:36 CEST 2010;simpleEA 100x400;[CAREX2,4];50;400;6;10;Fit ACC;0,01;SM;0,01;SCX;2;;400;0,8805811;0,925;0,73636365;0,8703704;5,07
testCrossvalidationWed Apr 28 00:40:36 CEST 2010;simpleEA 100x400;[CAREX2,4];50;400;6;10;Fit ACC;0,01;SM;0,01;SCX;2;;400;0,93057555;0,95;0,86713284;0,90740734;5,665
testCrossvalidationWed Apr 28 00:40:36 CEST 2010;simpleEA 100x400;[CAREX2,4];50;400;6;10;Fit ACC;0,01;SM;0,01;SCX;2;;400;0,9187855;0,9479167;0,8121212;0,88888884;5,14
testCrossvalidationWed Apr 28 00:40:36 CEST 2010;DIABETES w rejonie 0,02%;[CAREX2,4];100;400;10;2;Fit ACC;0,01;SM;0,0;SCX;2;;400;0,64102566;0,78125;0,54310346;0,7239583;14,499
testCrossvalidationWed Apr 28 00:40:36 CEST 2010;simpleEA 100x400;[CAREX2,4];50;400;6;10;Fit ACC;0,01;SM;0,01;SCX;2;;400;0,92411405;0,95;0,74285716;0,8518519;5,05
testCrossvalidationWed Apr 28 00:40:36 CEST 2010;simpleEA 100x400;[CAREX2,4];50;400;6;10;Fit ACC;0,01;SM;0,01;SCX;2;;400;0,93011045;0,95208335;0,7178363;0,8333333;5,185
testCrossvalidationWed Apr 28 00:40:36 CEST 2010;DIABETES w rejonie 0,02%;[CAREX2,4];100;400;10;2;Fit ACC;0,01;SM;0,0;SCX;2;;400;0,6434783;0,7864583;0,5281385;0,7161458;12,326
testCrossvalidationWed Apr 28 00:40:36 CEST 2010;simpleEA 100x400;[CAREX2,4];50;400;6;10;Fit ACC;0,01;SM;0,01;SCX;2;;400;0,93785876;0,9583333;0,81904763;0,88888884;4,919
testCrossvalidationWed Apr 28 00:40:36 CEST 2010;simpleEA 100x400;[CAREX2,4];50;400;6;10;Fit ACC;0,01;SM;0,01;SCX;2;;400;0,9076576;0,94374996;0,8666666;0,8888889;4,387
testCrossvalidationWed Apr 28 00:40:36 CEST 2010;simpleEA 100x400;[CAREX2,4];50;400;6;10;Fit ACC;0,01;SM;0,01;SCX;2;;400;0,9184149;0,9479167;0,72380954;0,8333333;4,522
testCrossvalidationWed Apr 28 00:40:36 CEST 2010;DIABETES w rejonie 0,02%;[CAREX2,4];100;400;10;2;Fit ACC;0,01;SM;0,0;SCX;2;;400;0,62264156;0,7916667;0,49532712;0,71875;13,253
testCrossvalidationWed Apr 28 00:40:36 CEST 2010;simpleEA 100x400;[CAREX2,4];50;400;6;10;Fit ACC;0,01;SM;0,01;SCX;2;;400;0,9180458;0,9458334;0,75555557;0,8518519;4,827
testCrossvalidationWed Apr 28 00:40:36 CEST 2010;simpleEA 100x400;[CAREX2,4];50;400;6;10;Fit ACC;0,01;SM;0,01;SCX;2;;400;0,9122157;0,9458334;0,8614719;0,88888884;4,587
testCrossvalidationWed Apr 28 00:40:36 CEST 2010;simpleEA 100x400;[CAREX2,4];50;400;6;10;Fit ACC;0,01;SM;0,01;SCX;2;;400;0,90880007;0,9395833;0,8215489;0,90740734;4,608
testCrossvalidationWed Apr 28 00:40:36 CEST 2010;DIABETES w rejonie 0,02%;[CAREX2,4];100;400;10;2;Fit ACC;0,01;SM;0,0;SCX;2;;400;0,6132076;0,7864583;0,47619048;0,7135417;14,046
testCrossvalidationWed Apr 28 00:40:36 CEST 2010;simpleEA 100x400;[CAREX2,4];50;400;6;10;Fit ACC;0,01;SM;0,01;SCX;2;;400;0,9124143;0,94374996;0,79191923;0,8888889;4,697
testCrossvalidationWed Apr 28 00:40:36 CEST 2010;simpleEA 100x400;[CAREX2,4];50;400;6;10;Fit ACC;0,01;SM;0,01;SCX;2;;400;0,8753714;0,92083335;0,969697;0,9814815;4,927
testCrossvalidationWed Apr 28 00:40:36 CEST 2010;simpleEA 100x400;[CAREX2,4];50;400;6;10;Fit ACC;0,01;SM;0,01;SCX;2;;400;0,9292837;0,95208335;0,9777778;0,9814815;4,923
testCrossvalidationWed Apr 28 00:40:36 CEST 2010;simpleEA 100x400;[CAREX2,4];50;400;6;10;Fit ACC;0,01;SM;0,01;SCX;2;;400;0,8742256;0,9229167;0,7857143;0,8888889;4,884
testCrossvalidationWed Apr 28 00:40:36 CEST 2010;DIABETES w rejonie 0,02%;[CAREX2,4];100;400;10;2;Fit ACC;0,01;SM;0,0;SCX;2;;400;0,64000005;0,7890625;0,5315315;0,7291667;16,582
testCrossvalidationWed Apr 28 00:40:36 CEST 2010;simpleEA 100x400;[CAREX2,4];50;400;6;10;Fit ACC;0,01;SM;0,01;SCX;2;;400;0,9264268;0,95;0,8;0,8703704;4,778
testCrossvalidationWed Apr 28 00:40:36 CEST 2010;simpleEA 100x400;[CAREX2,4];50;400;6;10;Fit ACC;0,01;SM;0,01;SCX;2;;400;0,90159553;0,9354167;0,8927739;0,9259259;4,678
testCrossvalidationWed Apr 28 00:40:36 CEST 2010;DIABETES w rejonie 0,02%;[CAREX2,4];100;400;10;2;Fit ACC;0,01;SM;0,0;SCX;2;;400;0,63793105;0,78125;0,50442475;0,7083333;13,354
testCrossvalidationWed Apr 28 00:40:36 CEST 2010;simpleEA 100x400;[CAREX2,4];50;400;6;10;Fit ACC;0,01;SM;0,01;SCX;2;;400;0,90125126;0,9375;0,90909094;0,9444444;4,829
testCrossvalidationWed Apr 28 00:40:36 CEST 2010;simpleEA 100x400;[CAREX2,4];50;400;6;10;Fit ACC;0,01;SM;0,01;SCX;2;;400;0,934799;0,9541667;0,84444445;0,90740734;5,174
testCrossvalidationWed Apr 28 00:40:36 CEST 2010;simpleEA 100x400;[CAREX2,4];50;400;6;10;Fit ACC;0,01;SM;0,01;SCX;2;;400;0,89558536;0,9333334;0,8614719;0,90740734;4,806
testCrossvalidationWed Apr 28 00:40:36 CEST 2010;DIABETES w rejonie 0,02%;[CAREX2,4];100;400;10;2;Fit ACC;0,01;SM;0,0;SCX;2;;400;0,631579;0,78125;0,4864865;0,703125;13,282
testCrossvalidationWed Apr 28 00:40:36 CEST 2010;simpleEA 100x400;[CAREX2,4];50;400;6;10;Fit ACC;0,01;SM;0,01;SCX;2;;400;0,8653242;0,9083333;0,74529916;0,8518519;4,897
testCrossvalidationWed Apr 28 00:40:36 CEST 2010;simpleEA 100x400;[CAREX2,4];50;400;6;10;Fit ACC;0,01;SM;0,01;SCX;2;;400;0,89147806;0,9291666;0,85641026;0,90740734;4,684
testCrossvalidationWed Apr 28 00:40:36 CEST 2010;simpleEA 100x400;[CAREX2,4];50;400;6;10;Fit ACC;0,01;SM;0,01;SCX;2;;400;0,89701873;0,9291666;0,95008916;0,9629629;4,746
testCrossvalidationWed Apr 28 00:40:36 CEST 2010;DIABETES w rejonie 0,02%;[CAREX2,4];100;400;10;2;Fit ACC;0,01;SM;0,0;SCX;2;;400;0,6278027;0,7838542;0,55357146;0,7395833;13,815
testCrossvalidationWed Apr 28 00:40:36 CEST 2010;simpleEA 100x400;[CAREX2,4];50;400;6;10;Fit ACC;0,01;SM;0,01;SCX;2;;400;0,8781883;0,91875;0,81904763;0,88888884;5,538
testCrossvalidationWed Apr 28 00:40:36 CEST 2010;simpleEA 100x400;[CAREX2,4];50;400;6;10;Fit ACC;0,01;SM;0,01;SCX;2;;400;0,88162184;0,9229167;0,89166665;0,9259259;4,675
testCrossvalidationWed Apr 28 00:40:36 CEST 2010;simpleEA 100x400;[CAREX2,4];50;400;6;10;Fit ACC;0,01;SM;0,01;SCX;2;;400;0,880075;0,9291666;0,89166665;0,9259259;4,247
testCrossvalidationWed Apr 28 00:40:36 CEST 2010;DIABETES w rejonie 0,02%;[CAREX2,4];100;400;10;2;Fit ACC;0,01;SM;0,0;SCX;2;;400;0,6168224;0,7864583;0,4651163;0,7005208;12,486
testCrossvalidationWed Apr 28 00:40:36 CEST 2010;simpleEA 100x400;[CAREX2,4];50;400;6;10;Fit ACC;0,01;SM;0,01;SCX;2;;400;0,8971114;0,9333334;0,91372544;0,9444444;4,429
testCrossvalidationWed Apr 28 00:40:36 CEST 2010;simpleEA 100x400;[CAREX2,4];50;400;6;10;Fit ACC;0,01;SM;0,01;SCX;2;;400;0,8784936;0,9166667;0,95008916;0,9629629;4,696
testCrossvalidationWed Apr 28 00:40:36 CEST 2010;DIABETES w rejonie 0,02%;[CAREX2,4];100;400;10;2;Fit ACC;0,01;SM;0,0;SCX;2;;400;0,6796875;0,7864583;0,5896414;0,7317708;12,738
testCrossvalidationWed Apr 28 00:40:36 CEST 2010;simpleEA 100x400;[CAREX2,4];50;400;6;10;Fit ACC;0,01;SM;0,01;SCX;2;;400;0,8698891;0,91875;0,87777776;0,90740734;4,625
testCrossvalidationWed Apr 28 00:40:36 CEST 2010;simpleEA 100x400;[CAREX2,4];50;400;6;10;Fit ACC;0,01;SM;0,01;SCX;2;;400;0,863787;0,9125001;0,87165767;0,88888884;4,508
testCrossvalidationWed Apr 28 00:40:36 CEST 2010;simpleEA 100x400;[CAREX2,4];50;400;6;10;Fit ACC;0,01;SM;0,01;SCX;2;;400;0,9209669;0,9479167;0,98039216;0,9814815;4,58
testCrossvalidationWed Apr 28 00:40:36 CEST 2010;DIABETES w rejonie 0,02%;[CAREX2,4];100;400;10;2;Fit ACC;0,01;SM;0,0;SCX;2;;400;0,63374484;0,7682292;0,6033058;0,75;13,245
testCrossvalidationWed Apr 28 00:40:36 CEST 2010;simpleEA 100x400;[CAREX2,4];50;400;6;10;Fit ACC;0,01;SM;0,01;SCX;2;;400;0,8889215;0,9270833;0,86742425;0,90740734;4,552
testCrossvalidationWed Apr 28 00:40:36 CEST 2010;simpleEA 100x400;[CAREX2,4];50;400;6;10;Fit ACC;0,01;SM;0,01;SCX;2;;400;0,9265738;0,95208335;0,8109668;0,8703704;4,612
testCrossvalidationWed Apr 28 00:40:36 CEST 2010;simpleEA 100x400;[CAREX2,4];50;400;6;10;Fit ACC;0,01;SM;0,01;SCX;2;;400;0,88460916;0,9270833;0,8677249;0,90740746;4,927
testCrossvalidationWed Apr 28 00:40:36 CEST 2010;DIABETES w rejonie 0,02%;[CAREX2,4];100;400;10;2;Fit ACC;0,01;SM;0,0;SCX;2;;400;0,6506024;0,7734375;0,6269841;0,7552083;12,361
testCrossvalidationWed Apr 28 00:40:36 CEST 2010;simpleEA 100x400;[CAREX2,4];50;400;6;10;Fit ACC;0,01;SM;0,01;SCX;2;;400;0,9307945;0,9541667;0,85714287;0,90740746;4,81
testCrossvalidationWed Apr 28 00:40:36 CEST 2010;simpleEA 100x400;[CAREX2,4];50;400;6;10;Fit ACC;0,01;SM;0,01;SCX;2;;400;0,8831784;0,9270833;0,91534394;0,9629629;4,586
testCrossvalidationWed Apr 28 00:40:36 CEST 2010;DIABETES w rejonie 0,02%;[CAREX2,4];100;400;10;2;Fit ACC;0,01;SM;0,0;SCX;2;;400;0,6422764;0,7708333;0,6381323;0,7578125;11,339
testCrossvalidationWed Apr 28 00:40:36 CEST 2010;simpleEA 100x400;[CAREX2,4];50;400;6;10;Fit ACC;0,01;SM;0,01;SCX;2;;400;0,9321704;0,9541667;0,86904764;0,90740746;4,272
testCrossvalidationWed Apr 28 00:40:36 CEST 2010;simpleEA 100x400;[CAREX2,4];50;400;6;10;Fit ACC;0,01;SM;0,01;SCX;2;;400;0,901138;0,9375;0,72222227;0,8518519;4,551
testCrossvalidationWed Apr 28 00:40:36 CEST 2010;simpleEA 100x400;[CAREX2,4];50;400;6;10;Fit ACC;0,01;SM;0,01;SCX;2;;400;0,9165985;0,9458334;0,8677249;0,90740746;4,635
testCrossvalidationWed Apr 28 00:40:36 CEST 2010;DIABETES w rejonie 0,02%;[CAREX2,4];100;400;10;2;Fit ACC;0,01;SM;0,0;SCX;2;;400;0,6422764;0,7708333;0,62357414;0,7421875;12,917
testCrossvalidationWed Apr 28 00:40:36 CEST 2010;simpleEA 100x400;[CAREX2,4];50;400;6;10;Fit ACC;0,01;SM;0,01;SCX;2;;400;0,93150014;0,95416665;0,8518519;0,88888884;4,372
testCrossvalidationWed Apr 28 00:40:36 CEST 2010;simpleEA 100x400;[CAREX2,4];50;400;6;10;Fit ACC;0,01;SM;0,01;SCX;2;;400;0,86265707;0,9083333;0,6984127;0,8333333;4,945
testCrossvalidationWed Apr 28 00:40:36 CEST 2010;simpleEA 100x400;[CAREX2,4];50;400;6;10;Fit ACC;0,01;SM;0,01;SCX;2;;400;0,89449924;0,9354167;0,6397436;0,8148148;4,262
testCrossvalidationWed Apr 28 00:40:36 CEST 2010;DIABETES w rejonie 0,02%;[CAREX2,4];100;400;10;2;Fit ACC;0,01;SM;0,0;SCX;2;;400;0,62761503;0,7682292;0,62295085;0,7604167;12,782
testCrossvalidationWed Apr 28 00:40:36 CEST 2010;simpleEA 100x400;[CAREX2,4];50;400;6;10;Fit ACC;0,01;SM;0,01;SCX;2;;400;0,9284542;0,95000005;0,8974359;0,9259259;4,559
testCrossvalidationWed Apr 28 00:40:36 CEST 2010;simpleEA 100x400;[CAREX2,4];50;400;6;10;Fit ACC;0,01;SM;0,01;SCX;2;;400;0,9077018;0,94166666;0,79340667;0,88888884;4,74
testCrossvalidationWed Apr 28 00:40:36 CEST 2010;DIABETES w rejonie 0,02%;[CAREX2,4];100;400;10;2;Fit ACC;0,01;SM;0,0;SCX;2;;400;0,63374484;0,7682292;0,6255144;0,7630208;10,927
testCrossvalidationWed Apr 28 00:40:36 CEST 2010;simpleEA 100x400;[CAREX2,4];50;400;6;10;Fit ACC;0,01;SM;0,01;SCX;2;;400;0,9145844;0,9458334;0,79340667;0,88888884;4,969
testCrossvalidationWed Apr 28 00:40:36 CEST 2010;simpleEA 100x400;[CAREX2,4];50;400;6;10;Fit ACC;0,01;SM;0,01;SCX;2;;400;0,9217554;0,9479167;0,78580683;0,8703704;4,571
testCrossvalidationWed Apr 28 00:40:36 CEST 2010;simpleEA 100x400;[CAREX2,4];50;400;6;10;Fit ACC;0,01;SM;0,01;SCX;2;;400;0,87827176;0,92291665;0,8711844;0,9259259;5,188
testCrossvalidationWed Apr 28 00:40:36 CEST 2010;DIABETES w rejonie 0,02%;[CAREX2,4];100;400;10;2;Fit ACC;0,01;SM;0,0;SCX;2;;400;0,62660944;0,7734375;0,5614035;0,7395833;13,194
testCrossvalidationWed Apr 28 00:40:36 CEST 2010;simpleEA 100x400;[CAREX2,4];50;400;6;10;Fit ACC;0,01;SM;0,01;SCX;2;;400;0,8823293;0,9145834;0,81904763;0,8703704;4,876
testCrossvalidationWed Apr 28 00:40:36 CEST 2010;simpleEA 100x400;[CAREX2,4];50;400;6;10;Fit ACC;0,01;SM;0,01;SCX;2;;400;0,8987136;0,9354167;0,79292935;0,8703704;6,529
testCrossvalidationWed Apr 28 00:40:36 CEST 2010;simpleEA 100x400;[CAREX2,4];50;400;6;10;Fit ACC;0,01;SM;0,01;SCX;2;;400;0,9081941;0,94166666;0,74444443;0,8518519;4,636
testCrossvalidationWed Apr 28 00:40:36 CEST 2010;DIABETES w rejonie 0,02%;[CAREX2,4];100;400;10;2;Fit ACC;0,01;SM;0,0;SCX;2;;400;0,61864406;0,765625;0,6016949;0,7552083;13,614
testCrossvalidationWed Apr 28 00:40:36 CEST 2010;simpleEA 100x400;[CAREX2,4];50;400;6;10;Fit ACC;0,01;SM;0,01;SCX;2;;400;0,88872004;0,9291666;0,752381;0,8518519;4,713
testCrossvalidationWed Apr 28 00:40:36 CEST 2010;simpleEA 100x400;[CAREX2,4];50;400;6;10;Fit ACC;0,01;SM;0,01;SCX;2;;400;0,9360201;0,9541667;0,95238096;0,9629629;6,183
testCrossvalidationWed Apr 28 00:40:36 CEST 2010;DIABETES w rejonie 0,02%;[CAREX2,4];100;400;10;2;Fit ACC;0,01;SM;0,0;SCX;2;;400;0,62711865;0,7708333;0,59504133;0,7447917;13,558
testCrossvalidationWed Apr 28 00:40:36 CEST 2010;simpleEA 100x400;[CAREX2,4];50;400;6;10;Fit ACC;0,01;SM;0,01;SCX;2;;400;0,9037512;0,9354167;0,9024701;0,9444444;4,661
testCrossvalidationWed Apr 28 00:40:36 CEST 2010;simpleEA 100x400;[CAREX2,4];50;400;6;10;Fit ACC;0,01;SM;0,01;SCX;2;;400;0,8954317;0,9333334;0,85858583;0,9444444;5,298
testCrossvalidationWed Apr 28 00:40:36 CEST 2010;simpleEA 100x400;[CAREX2,4];50;400;6;10;Fit ACC;0,01;SM;0,01;SCX;2;;400;0,9025617;0,9354167;0,98039216;0,9814815;4,504
testCrossvalidationWed Apr 28 00:40:36 CEST 2010;DIABETES w rejonie 0,02%;[CAREX2,4];100;400;10;2;Fit ACC;0,01;SM;0,0;SCX;2;;400;0,625;0,765625;0,6122449;0,7526042;13,748
testCrossvalidationWed Apr 28 00:40:36 CEST 2010;simpleEA 100x400;[CAREX2,4];50;400;6;10;Fit ACC;0,01;SM;0,01;SCX;2;;400;0,9056012;0,9375;0,93333334;0,9814815;4,711
testCrossvalidationWed Apr 28 00:40:36 CEST 2010;simpleEA 100x400;[CAREX2,4];50;400;6;10;Fit ACC;0,01;SM;0,01;SCX;2;;400;0,88591784;0,9291666;0,89166665;0,9444444;4,141
testCrossvalidationWed Apr 28 00:40:36 CEST 2010;simpleEA 100x400;[CAREX2,4];50;400;6;10;Fit ACC;0,01;SM;0,01;SCX;2;;400;0,8747404;0,91875;0,8030303;0,90740746;4,386
testCrossvalidationWed Apr 28 00:40:36 CEST 2010;simpleEA 100x400;[CAREX2,4];50;400;6;10;Fit ACC;0,01;SM;0,01;SCX;2;;400;0,90551513;0,9375;0,93333334;0,9629629;4,505
testCrossvalidationWed Apr 28 00:40:36 CEST 2010;simpleEA 100x400;[CAREX2,4];50;400;6;10;Fit ACC;0,01;SM;0,01;SCX;2;;400;0,90766954;0,9395833;0,88342243;0,9444444;4,293
testCrossvalidationWed Apr 28 00:40:36 CEST 2010;simpleEA 100x400;[CAREX2,4];50;400;6;10;Fit ACC;0,01;SM;0,01;SCX;2;;400;0,8892333;0,93125004;0,98039216;0,9814815;4,38
